<?xml version="1.0" encoding="ISO-8859-1"?> 
<?xml-stylesheet type="text/css" href="style.css"?>
<CATALOG> 
<STUDENT>
<NAME>Shivendra Saurav</NAME> 
<SRN>R17CS385</SRN> 
<BRANCH>CSE</BRANCH> 
<SEMESTER>7th</SEMESTER> 
<UNIVERSITY>REVA UNIVERSITY </UNIVERSITY> 
<COUNTRY >India</COUNTRY> 
</STUDENT> 
<STUDENT> 
<NAME>Saket Savarn</NAME> 
<SRN>R17CS355</SRN> 
<BRANCH>CSE</BRANCH> 
<SEMESTER>7th</SEMESTER> 
<UNIVERSITY> REVA UNIVERSITY </UNIVERSITY> 
<COUNTRY> India </COUNTRY> 
</STUDENT>
<STUDENT> 
<NAME>Shubham Kumar</NAME> 
<SRN>R17CS393</SRN> 
<BRANCH>CSE</BRANCH> 
<SEMESTER>7th</SEMESTER> 
<UNIVERSITY> REVA UNIVERSITY </UNIVERSITY> 
<COUNTRY> India </COUNTRY> 
</STUDENT> 
</CATALOG>

