<?xml version="1.0" encoding="ISO-8859-1"?> 
<?xml-stylesheet type="text/css" href="style.css"?>
<BG>
    <CATALOG> 
        <cont>
            <b>Books</b>
            <item>A Study in Pink</item>
            <item>The Hounds of Baskerville</item>
            <item>The Signs of Three</item>
            <item>The Abonimable Bride</item>
            <item>The Final Problem</item>
        </cont>

        <cont>
            <e>Electronics</e>
            <item>Headphones</item>
            <item>Monitor</item>
            <item>Tower Desktop</item>
            <item>Mouse</item>
            <item>Keyboard</item>
        </cont>

        <cont>
            <s>Stationaries</s>
            <item>Pencil</item>
            <item>Eraser</item>
            <item>Scale</item>
            <item>Compass</item>
            <item>Protractor</item>
        </cont>

        <cont>
            <c>Clothes</c>
            <item>Headwear</item>
            <item>Masks</item>
            <item>Sunglasses</item>
            <item>Shirt</item>
            <item>Tie</item>
        </cont>

        <cont>
            <o>Other</o>
            <item>Container</item>
            <item>Flashlight</item>
            <item>Deodrant</item>
            <item>Calender</item>
            <item>Facewash</item>
        </cont>
    </CATALOG>
</BG>